;play_id;corpus;author;title;genre;year;characters;male;female;%_male_chars;%_female_chars;%_female_lines;acts;scenes;speech_turns;lines;mean_sp_length;density;%_male_lines
dut000242;dut000242;dutch;De Heilige Geest/ Alpha et Omega ;Ipre;unknown;1539;4;4;0;1.0;0.0;0.0;1;1;111;531;4.78;1.0;1.0
dut000243;dut000243;dutch;Altoos Doende ;Leffijnghe;unknown;1539;3;2;1;0.67;0.33;0.29;1;1;141;591;4.19;1.0;0.71
dut000118;dut000118;dutch;Jan Arp ;Singhende klucht van droncke Goosen;unknown;1639;3;2;1;0.67;0.33;0.56;5;5;35;156;4.46;1.0;0.4
dut000119;dut000119;dutch;Thomas Asselijn ;De kwakzalver;unknown;1692;7;3;4;0.43;0.57;0.19;1;13;312;568;1.82;0.79;0.79
dut000249;dut000249;dutch;De Baptisten ;Wynoxberghe;unknown;1539;5;5;0;1.0;0.0;0.0;1;1;107;512;4.79;1.0;1.0
dut000239;dut000239;dutch;De Barbaristen ;Cortrijcke;unknown;1539;4;4;0;1.0;0.0;0.0;1;1;85;520;6.12;1.0;1.0
dut000244;dut000244;dutch;De Barbaristen ;Meenene;unknown;1539;4;1;0;0.25;0.0;0.0;1;1;95;498;5.24;1.0;0.17
dut000045;dut000045;dutch;Willem Baudous ;Tragedie ofte treur-spel, van Edipes en Antigone;unknown;1618;21;16;5;0.76;0.24;0.38;5;19;521;2252;4.32;0.31;0.58
dut000238;dut000238;dutch;De Berkenisten ;Caprijcke;unknown;1539;9;2;7;0.22;0.78;0.57;1;1;245;573;2.34;1.0;0.43
dut000101;dut000101;dutch;Govert Bidloo ;Fabius Severus;unknown;1680;11;8;3;0.73;0.27;0.32;5;43;495;1882;3.8;0.93;0.68
dut000096;dut000096;dutch;Adriaan Boelens ;Bedrooge vryer;unknown;1649;12;7;5;0.58;0.42;0.43;1;8;221;524;2.37;0.61;0.52
dut000135;dut000135;dutch;Michiel Breda ;Krispyn, poëet, en officier;unknown;1685;8;5;3;0.62;0.38;0.28;1;16;315;965;3.06;0.93;0.72
dut000037;dut000037;dutch;Gerbrand Adriaenszoon Bredero ;Rodd'rick ende Alphonsus;unknown;1616;14;10;4;0.71;0.29;0.36;3;15;269;2774;10.31;0.44;0.58
dut000046;dut000046;dutch;Gerbrand Adriaenszoon Bredero ;Spaanschen Brabander;unknown;1618;26;19;7;0.73;0.27;0.2;6;12;531;2583;4.86;0.46;0.72
dut000102;dut000102;dutch;Thomas Corneille  & Noël Breton Hauteroche  & Thomas Corneille  & Pieter Lacroix ;De vermakelyke rouw;unknown;1685;7;5;2;0.71;0.29;0.14;1;15;295;795;2.69;1.0;0.85
dut000073;dut000073;dutch;Pierre Corneille  & Johan Heemskerck ;De Cid;unknown;1641;12;8;4;0.67;0.33;0.44;5;33;380;1979;5.21;0.44;0.56
dut000100;dut000100;dutch;Pierre Corneille  & Govert Bidloo ;De dood van Pompeus;unknown;1684;16;9;3;0.56;0.19;0.34;6;24;197;1988;10.09;0.23;0.61
dut000219;dut000219;dutch;Samuel Coster ;Iphigenia;unknown;1617;16;13;2;0.81;0.12;0.1;5;21;352;1919;5.45;0.62;0.88
dut000220;dut000220;dutch;Samuel Coster  & Pieter Corneliszoon Hooft ;Isabella;unknown;1619;13;10;2;0.77;0.15;0.29;5;22;475;2180;4.59;0.37;0.63
dut000222;dut000222;dutch;Samuel Coster ;Ithys;unknown;1615;11;5;5;0.45;0.45;0.59;5;26;220;1901;8.64;0.35;0.29
dut000221;dut000221;dutch;Samuel Coster ;Polyxena;unknown;1619;15;7;5;0.47;0.33;0.36;5;35;262;2321;8.86;0.31;0.54
dut000103;dut000103;dutch;Pieter Lacroix ;De gewaande advocaat;unknown;1685;7;6;1;0.86;0.14;0.06;1;25;338;1118;3.31;1.0;0.93
dut000104;dut000104;dutch;Pieter Lacroix ;De meid juffrouw;unknown;1685;7;5;2;0.71;0.29;0.17;1;15;391;587;1.5;1.0;0.81
dut000247;dut000247;dutch;De Fonteine ;Thienen;unknown;1539;8;5;0;0.62;0.0;0.0;1;1;116;557;4.8;1.0;0.83
dut000253;dut000253;dutch;De Pellicaen ;Abrahams offerande;unknown;1600;13;10;3;0.77;0.23;0.25;1;4;359;1169;3.26;0.56;0.74
dut000263;dut000263;dutch;De Pellicaen ;Avont, nacht ende morgenstont;unknown;1600;6;3;2;0.5;0.33;0.37;1;4;316;1094;3.46;0.73;0.47
dut000274;dut000274;dutch;De Pellicaen ;Christum liefde bewijsen;unknown;1600;15;7;7;0.47;0.47;0.49;1;2;460;1895;4.12;0.99;0.51
dut000254;dut000254;dutch;De Pellicaen ;Coninck Proetus Abantus;unknown;1600;14;3;4;0.21;0.29;0.14;1;4;415;1197;2.88;0.58;0.29
dut000264;dut000264;dutch;De Pellicaen ;Cranckheijt des vleijsch;unknown;1600;7;2;0;0.29;0.0;0.0;1;5;282;1037;3.68;0.62;0.22
dut000265;dut000265;dutch;De Pellicaen ;De appelboom;unknown;1600;9;5;1;0.56;0.11;0.11;1;1;227;502;2.21;1.0;0.61
dut000266;dut000266;dutch;De Pellicaen ;De clockreep;unknown;1600;9;5;3;0.56;0.33;0.46;1;3;179;960;5.36;0.6;0.44
dut000285;dut000285;dutch;De Pellicaen ;De Gebooren Blinde;unknown;1579;16;12;1;0.75;0.06;0.01;1;7;272;1217;4.47;0.52;0.71
dut000275;dut000275;dutch;De Pellicaen ;De Ghichtige Mensche;unknown;1604;13;11;1;0.85;0.08;0.0;1;2;248;1043;4.21;1.0;0.81
dut000276;dut000276;dutch;De Pellicaen ;De Heijlige Kerck;unknown;1600;8;4;3;0.5;0.38;0.4;1;11;433;1860;4.3;0.61;0.48
dut000261;dut000261;dutch;De Pellicaen ;De hel vant brouwersgilde;unknown;1600;7;7;0;1.0;0.0;0.0;1;1;15;623;41.53;1.0;0.99
dut000277;dut000277;dutch;De Pellicaen ;De hoecksteen;unknown;1600;29;22;2;0.76;0.07;0.17;1;1;162;1125;6.94;1.0;0.8
dut000255;dut000255;dutch;De Pellicaen ;De katmaecker;unknown;1600;5;2;3;0.4;0.6;0.42;1;1;255;607;2.38;1.0;0.57
dut000267;dut000267;dutch;De Pellicaen ;De menschwerdinge Christi;unknown;1600;12;8;2;0.67;0.17;0.15;1;2;480;1453;3.03;1.0;0.77
dut000256;dut000256;dutch;De Pellicaen ;De minckijsers;unknown;1600;9;5;2;0.56;0.22;0.13;1;2;311;1284;4.13;0.5;0.63
dut000278;dut000278;dutch;De Pellicaen ;De Oude Tobijas;unknown;1600;15;9;6;0.6;0.4;0.19;1;5;308;1358;4.41;0.96;0.8
dut000268;dut000268;dutch;De Pellicaen ;De propheet Eliseus;unknown;1600;15;12;1;0.8;0.07;0.02;1;5;204;978;4.79;0.44;0.82
dut000284;dut000284;dutch;De Pellicaen ;De Rijcke Wrecke ende Lazarus;unknown;1600;14;6;0;0.43;0.0;0.0;1;4;213;655;3.08;0.68;0.51
dut000286;dut000286;dutch;De Pellicaen ;De saijer die goet saet saijde;unknown;;10;8;0;0.8;0.0;0.0;1;12;253;1143;4.52;0.44;0.85
dut000279;dut000279;dutch;De Pellicaen ;De seven wercken der barmherticheijden;unknown;1600;18;4;0;0.22;0.0;0.0;1;10;336;1010;3.01;0.28;0.27
dut000280;dut000280;dutch;De Pellicaen ;De troost der sondaren;unknown;1600;10;9;0;0.9;0.0;0.0;1;2;242;969;4.0;1.0;0.82
dut000257;dut000257;dutch;De Pellicaen ;De wellustige mensch;unknown;1600;19;7;4;0.37;0.21;0.09;1;2;540;1461;2.71;0.8;0.4
dut000258;dut000258;dutch;De Pellicaen ;Die mane;unknown;1600;5;3;2;0.6;0.4;0.38;1;2;356;785;2.21;1.0;0.61
dut000281;dut000281;dutch;De Pellicaen ;Die propheet Jonas;unknown;1600;17;10;0;0.59;0.0;0.0;1;4;295;1082;3.67;0.63;0.59
dut000259;dut000259;dutch;De Pellicaen ;Evangelische maeltijt;unknown;1600;15;11;1;0.73;0.07;0.17;1;10;305;1634;5.36;0.36;0.62
dut000287;dut000287;dutch;De Pellicaen ;Goodts Ordonancij;unknown;1583;15;12;1;0.8;0.07;0.25;1;13;228;1275;5.59;0.55;0.49
dut000273;dut000273;dutch;De Pellicaen ;Lazarus doot;unknown;1600;15;12;3;0.8;0.2;0.25;1;8;253;1086;4.29;0.52;0.74
dut000288;dut000288;dutch;De Pellicaen ;Lieft boven al;unknown;1579;10;6;3;0.6;0.3;0.26;1;2;130;893;6.87;1.0;0.51
dut000260;dut000260;dutch;De Pellicaen ;Machabeen;unknown;1600;23;12;1;0.52;0.04;0.1;1;4;503;1918;3.81;0.72;0.32
dut000289;dut000289;dutch;De Pellicaen ;Meestal verjaecht Neering;unknown;;11;6;3;0.55;0.27;0.22;1;4;244;921;3.77;0.49;0.73
dut000269;dut000269;dutch;De Pellicaen ;Paulus ende Barnabas;unknown;1600;14;13;0;0.93;0.0;0.0;1;5;227;930;4.1;0.7;0.98
dut000270;dut000270;dutch;De Pellicaen ;Piramus en Thisbe;unknown;1600;6;2;1;0.33;0.17;0.12;1;2;282;675;2.39;1.0;0.31
dut000282;dut000282;dutch;De Pellicaen ;Retorijka en Justicia;unknown;1600;8;5;3;0.62;0.38;0.49;1;1;130;522;4.02;1.0;0.51
dut000290;dut000290;dutch;De Pellicaen ;Saul ende David;unknown;;11;10;1;0.91;0.09;0.1;1;12;206;612;2.97;0.61;0.85
dut000271;dut000271;dutch;De Pellicaen ;Sincte Paulus bekeringe;unknown;1600;15;12;1;0.8;0.07;0.16;1;9;348;948;2.72;0.28;0.76
dut000283;dut000283;dutch;De Pellicaen ;Sommich Mensch en het huijs van Nering;unknown;1600;9;2;0;0.22;0.0;0.0;1;1;195;1556;7.98;1.0;0.29
dut000272;dut000272;dutch;De Pellicaen ;Verlaten kennisse;unknown;1600;14;10;2;0.71;0.14;0.09;1;7;335;1152;3.44;0.39;0.83
dut000291;dut000291;dutch;De Pellicaen ;Vrou Lorts;unknown;1565;7;1;1;0.14;0.14;0.21;1;4;108;490;4.54;0.33;0.26
dut000262;dut000262;dutch;De Pellicaen ;Wie haer op troost verlaeten;unknown;1600;9;7;2;0.78;0.22;0.2;1;3;188;938;4.99;1.0;0.79
dut000248;dut000248;dutch;De Royaerts ;Loo in Vuerne Ambocht;unknown;1539;3;3;0;1.0;0.0;0.0;1;1;101;513;5.08;1.0;1.0
dut000236;dut000236;dutch;Den Boeck ;Bruessele;unknown;1539;11;7;0;0.64;0.0;0.0;1;1;119;517;4.34;1.0;0.67
dut000246;dut000246;dutch;De Doornenkroon ;Nieuport;unknown;1539;3;3;0;1.0;0.0;0.0;1;1;106;590;5.57;1.0;1.0
dut000086;dut000086;dutch;Gabriel Gilbert  & David Lingelbach ;De liefde van Diana en Endimion;unknown;1669;15;8;6;0.53;0.4;0.47;6;38;365;2196;6.02;0.35;0.48
dut000245;dut000245;dutch;Goedwillig in 't herte ;Nieukercke;unknown;1539;4;3;1;0.75;0.25;0.17;1;1;81;521;6.43;1.0;0.83
dut000092;dut000092;dutch;Hendrik Graef ;Alcinea;unknown;1671;17;12;3;0.71;0.18;0.27;5;16;494;1831;3.71;0.76;0.7
dut000237;dut000237;dutch;Den Heilighe Gheest ;Brugghe;unknown;1539;4;4;0;1.0;0.0;0.0;1;1;133;523;3.93;1.0;1.0
dut000218;dut000218;dutch;Pieter Corneliszoon Hooft ;Baeto;unknown;1626;15;7;8;0.47;0.53;0.71;5;5;284;1599;5.63;0.64;0.29
dut000214;dut000214;dutch;Pieter Corneliszoon Hooft ;Geeraerdt van Velsen;unknown;1613;20;9;2;0.45;0.1;0.29;5;21;282;1828;6.48;0.22;0.56
dut000213;dut000213;dutch;Jan Sijwertsz Kolm ;Battaefsche vrienden-spieghel;unknown;1615;20;15;4;0.75;0.2;0.23;5;8;354;2606;7.36;0.73;0.62
dut000212;dut000212;dutch;Jan Sijwertsz Kolm ;Nederlants treur-spel;unknown;1616;24;16;4;0.67;0.17;0.09;5;9;216;3082;14.27;0.67;0.72
dut000209;dut000209;dutch;Abraham de Koning ;Achabs treur-spel;unknown;1618;35;30;4;0.86;0.11;0.24;5;36;389;2496;6.42;0.23;0.64
dut000210;dut000210;dutch;Abraham de Koning ;Iephthahs ende zijn eenighe dochters;unknown;1615;25;16;7;0.64;0.28;0.25;3;52;282;2580;9.15;0.18;0.59
dut000211;dut000211;dutch;Abraham de Koning ;Simsons treurspel;unknown;1618;14;10;2;0.71;0.14;0.27;3;25;464;2532;5.46;0.75;0.55
dut000151;dut000151;dutch;Enoch Krook ;De ondergang van Eigenbaat;unknown;1707;17;9;4;0.53;0.24;0.23;5;40;316;1700;5.38;0.7;0.62
dut000074;dut000074;dutch;Jan Harmensz. Krul ;Alcip en Amarillis;unknown;1640;15;10;4;0.67;0.27;0.25;5;10;304;1564;5.14;0.53;0.72
dut000066;dut000066;dutch;Jan Harmensz. Krul ;Mey spel van Cloris en Philida;unknown;1631;6;4;2;0.67;0.33;0.35;5;5;382;2178;5.7;0.93;0.65
dut000068;dut000068;dutch;Jan Harmensz. Krul ;Diana;unknown;1627;16;11;5;0.69;0.31;0.37;5;5;505;2091;4.14;0.57;0.59
dut000097;dut000097;dutch;Jan Harmensz. Krul ;Favstina;unknown;1640;10;6;4;0.6;0.4;0.27;6;6;389;1679;4.32;0.64;0.72
dut000064;dut000064;dutch;Jan Harmensz. Krul ;Helena;unknown;1629;7;2;5;0.29;0.71;0.52;5;5;287;1450;5.05;0.81;0.47
dut000069;dut000069;dutch;Jan Harmensz. Krul ;Musyk-spel, van Juliana, en Claudiaen;unknown;1634;10;4;6;0.4;0.6;0.54;2;2;234;1003;4.29;0.93;0.45
dut000085;dut000085;dutch;Jan Harmensz. Krul ;Rosilion en Rosanniere;unknown;1641;14;10;4;0.71;0.29;0.28;5;9;319;1704;5.34;0.7;0.76
dut000067;dut000067;dutch;Jan Harmensz. Krul ;Rozemond en Raniclis;unknown;1632;6;3;3;0.5;0.5;0.43;5;5;367;1413;3.85;0.79;0.56
dut000070;dut000070;dutch;Jan Harmensz. Krul ;Theodorus en Dianira;unknown;1635;9;6;3;0.67;0.33;0.37;5;6;231;1419;6.14;0.58;0.61
dut000250;dut000250;dutch;Hoe ik labeure met pijnen duere ;Meesene;unknown;1539;4;2;0;0.5;0.0;0.0;1;1;89;538;6.04;1.0;0.68
dut000204;dut000204;dutch;Thomas Corneille  & Katharyne Lescailje ;Ariadne;unknown;1693;7;4;3;0.57;0.43;0.61;5;27;261;1921;7.36;0.71;0.38
dut000199;dut000199;dutch;Antoinette du Ligier de la Garde Deshoulières  & Katharyne Lescailje ;Genserik;unknown;1685;11;6;5;0.55;0.45;0.49;5;40;308;2023;6.57;0.47;0.49
dut000202;dut000202;dutch;Jean François Juvenon de La Thuillerie  & Katharyne Lescailje ;Herkules en Dianira;unknown;1688;9;5;4;0.56;0.44;0.44;5;31;240;1748;7.28;0.44;0.53
dut000200;dut000200;dutch;François Tristan l'Hermite  & Katharyne Lescailje ;Herodes en Mariamne;unknown;1685;16;11;5;0.69;0.31;0.35;5;33;346;2175;6.29;0.34;0.63
dut000198;dut000198;dutch;Katharyne Lescailje ;Kassandra;unknown;1753;9;5;4;0.56;0.44;0.44;5;38;266;2030;7.63;0.39;0.56
dut000203;dut000203;dutch;Pierre Corneille  & Katharyne Lescailje ;Nicomédes;unknown;1692;8;5;3;0.62;0.38;0.35;5;32;342;2147;6.28;0.79;0.65
dut000201;dut000201;dutch;Jean Rotrou   & Katharyne Lescailje ;Wenseslaüs, koning van Poolen;unknown;1686;9;5;4;0.56;0.44;0.25;5;43;330;2019;6.12;0.58;0.74
dut000084;dut000084;dutch;David Lingelbach ;Appollonius;unknown;1662;19;14;4;0.74;0.21;0.26;5;33;430;1996;4.64;0.31;0.63
dut000111;dut000111;dutch;David Lingelbach ;Cleomenes;unknown;1687;11;6;5;0.55;0.45;0.37;5;36;240;1867;7.78;0.38;0.61
dut000112;dut000112;dutch;David Lingelbach ;De ontdekte schyndeugd;unknown;1687;12;8;4;0.67;0.33;0.36;3;25;440;1146;2.6;0.67;0.63
dut000123;dut000123;dutch;David Lingelbach ;Sardanapalus;unknown;1699;8;5;3;0.62;0.38;0.45;5;25;179;1835;10.25;0.68;0.52
dut000225;dut000225;dutch;Lucretia Wilhelmina Merken ;De camisards;unknown;1774;10;8;2;0.8;0.2;0.17;5;37;398;1770;4.45;0.91;0.83
dut000231;dut000231;dutch;Lucretia Wilhelmina Merken ;Gelonide;unknown;1786;14;10;3;0.71;0.21;0.31;5;39;417;1610;3.86;0.48;0.67
dut000226;dut000226;dutch;Lucretia Wilhelmina Merken ;Het beleg der stad Leyden;unknown;1774;13;11;2;0.85;0.15;0.3;5;40;383;1810;4.73;0.56;0.66
dut000227;dut000227;dutch;Lucretia Wilhelmina Merken ;Jacob Simonszoon de Ryk;unknown;1774;10;8;2;0.8;0.2;0.28;5;40;451;1872;4.15;0.67;0.67
dut000229;dut000229;dutch;Lucretia Wilhelmina Merken ;Louize d'Arlac;unknown;1786;16;14;2;0.88;0.12;0.21;5;34;603;1830;3.03;0.53;0.78
dut000228;dut000228;dutch;Lucretia Wilhelmina Merken ;Maria van Bourgondiën, gravinne van Holland;unknown;1774;10;8;2;0.8;0.2;0.45;5;37;411;1712;4.17;0.64;0.55
dut000230;dut000230;dutch;Lucretia Wilhelmina Merken ;Sebille van Anjou;unknown;1786;14;9;5;0.64;0.36;0.36;5;35;413;1761;4.26;0.62;0.63
dut000126;dut000126;dutch;Antonio Mira de Amescua  & Lope de Vega  & Leonard de Fuyter ;Verwarde hof;unknown;1647;18;15;3;0.83;0.17;0.21;5;35;559;2178;3.9;0.77;0.76
dut000093;dut000093;dutch;Johannes Mol ;Bedrogen lichtmis;unknown;1671;10;5;5;0.5;0.5;0.49;1;5;194;573;2.95;0.71;0.32
dut000240;dut000240;dutch;De Nazarenen ;Deynze;unknown;1539;6;4;1;0.67;0.17;0.11;1;1;59;503;8.53;1.0;0.63
dut000139;dut000139;dutch;Philippe Quinault  & Nil Volentibus Arduum ;Agrippa, koning van Alba;unknown;1669;11;7;4;0.64;0.36;0.35;5;25;290;1873;6.46;0.36;0.62
dut000142;dut000142;dutch;Jean Baptiste Racine  & Nil Volentibus Arduum ;Andromaché;unknown;1678;8;4;4;0.5;0.5;0.44;5;28;247;1884;7.63;0.46;0.5
dut000162;dut000162;dutch;Philippe Quinault  & Nil Volentibus Arduum ;Astrate, koning van Tyrus;unknown;1670;11;8;2;0.73;0.18;0.35;5;23;340;1714;5.04;0.35;0.64
dut000146;dut000146;dutch;Pierre Corneille  & Nil Volentibus Arduum ;Cinna;unknown;1683;9;6;3;0.67;0.33;0.29;5;20;217;1896;8.74;0.53;0.7
dut000157;dut000157;dutch;Nil Volentibus Arduum ;De Amsterdamsche dragonnade;unknown;1714;13;10;3;0.77;0.23;0.26;3;34;499;1098;2.2;0.69;0.73
dut000144;dut000144;dutch;Nil Volentibus Arduum ;De Bekeerde Alchimist;unknown;1680;11;6;4;0.55;0.36;0.2;1;11;281;843;3.0;0.87;0.79
dut000155;dut000155;dutch;Nil Volentibus Arduum ;De belachchelyke sérenade;unknown;1712;9;7;2;0.78;0.22;0.09;1;20;282;947;3.36;0.75;0.89
dut000150;dut000150;dutch;Adrien-Thomas Perdou de Subligny  & Nil Volentibus Arduum ;De gelukte list;unknown;1689;12;7;4;0.58;0.33;0.22;1;20;574;1149;2.0;0.64;0.74
dut000161;dut000161;dutch;Plautus  & Nil Volentibus Arduum ;De gelyke twélingen;unknown;1682;13;10;3;0.77;0.23;0.17;5;42;1048;2212;2.11;0.59;0.81
dut000166;dut000166;dutch;Jean de la Chapelle  & Nil Volentibus Arduum ;De geschaakte bruid;unknown;1690;14;9;5;0.64;0.36;0.23;3;58;569;1180;2.07;0.78;0.76
dut000158;dut000158;dutch;Nil Volentibus Arduum ;De leevendige doode;unknown;1716;7;4;3;0.57;0.43;0.24;1;17;342;709;2.07;1.0;0.72
dut000159;dut000159;dutch;Jean Baptiste Molière  & Nil Volentibus Arduum ;De listige vryster;unknown;1690;8;5;3;0.62;0.38;0.18;3;36;507;1411;2.78;1.0;0.81
dut000141;dut000141;dutch;François le Métel de Boisrobert  & Nil Volentibus Arduum ;De malle wedding;unknown;1690;11;7;4;0.64;0.36;0.23;5;59;1259;3147;2.5;1.0;0.76
dut000160;dut000160;dutch;Nil Volentibus Arduum ;De schaakingen;unknown;1763;10;8;2;0.8;0.2;0.08;3;33;461;944;2.05;0.82;0.91
dut000165;dut000165;dutch;Jean-Baptiste Molière  & Nil Volentibus Arduum ;De schilder door liefde;unknown;1682;14;9;4;0.64;0.29;0.29;3;25;551;1599;2.9;0.55;0.71
dut000156;dut000156;dutch;Petrus Anthonius de Huybert van Cruyningen  & Nil Volentibus Arduum ;De vermiste molenaar;unknown;1713;12;6;3;0.5;0.25;0.26;1;24;461;831;1.8;0.55;0.65
dut000164;dut000164;dutch;Nil Volentibus Arduum  & Isaac Vos ;De vrijer in de kist;unknown;1678;8;3;5;0.38;0.62;0.61;1;8;210;721;3.43;1.0;0.38
dut000143;dut000143;dutch;Philippe Quinault  & Nil Volentibus Arduum ;De wanhébbelyke liefde;unknown;1678;6;3;3;0.5;0.5;0.35;1;13;328;788;2.4;1.0;0.64
dut000148;dut000148;dutch;Nil Volentibus Arduum ;De verwaande Hollandsche Franschman;unknown;1684;15;8;6;0.53;0.4;0.4;5;59;818;2318;2.83;0.59;0.58
dut000154;dut000154;dutch;Jean Baptiste Molière  & Nil Volentibus Arduum ;Fielebout;unknown;1680;19;14;5;0.74;0.26;0.2;3;28;608;1970;3.24;0.33;0.79
dut000153;dut000153;dutch;Jean Baptiste Molière  & Nil Volentibus Arduum ;Het gedwongene huuwelyk;unknown;1682;13;8;5;0.62;0.38;0.17;3;26;410;1267;3.09;0.23;0.82
dut000140;dut000140;dutch;Jean Magnon  & Nil Volentibus Arduum ;Het huwelyk van Orondates en Statira;unknown;1670;8;4;4;0.5;0.5;0.56;5;33;436;1546;3.55;0.75;0.42
dut000163;dut000163;dutch;Pedro Calderón de la Barca  & Antoine Le Métel d'Ouville  & Nil Volentibus Arduum ;Het spookend weeuwtje;unknown;1670;12;6;6;0.5;0.5;0.46;5;33;717;2143;2.99;0.62;0.53
dut000147;dut000147;dutch;Jean Racine  & Nil Volentibus Arduum ;Ifigenia;unknown;1678;13;8;5;0.62;0.38;0.44;5;37;257;2049;7.97;0.47;0.51
dut000152;dut000152;dutch;Nil Volentibus Arduum ;Loon naar wérk;unknown;1709;6;4;1;0.67;0.17;0.06;1;13;224;996;4.45;0.93;0.91
dut000149;dut000149;dutch;Philippe Quinault  & Nil Volentibus Arduum ;Roeland;unknown;1686;24;6;7;0.25;0.29;0.39;5;27;256;1360;5.31;0.08;0.42
dut000145;dut000145;dutch;Francesco Sbarra  & Nil Volentibus Arduum ;Tieranny van Eigenbaat in het Eiland van Vryekeur;unknown;1679;15;7;7;0.47;0.47;0.47;5;65;865;2438;2.82;0.65;0.51
dut000252;dut000252;dutch;Oudenaerde ;Audenaerde;unknown;1539;8;1;2;0.12;0.25;0.3;1;2;119;511;4.29;0.57;0.15
dut000207;dut000207;dutch;Catharina Questiers  & Antonio Enríquez Gómez ;Casimier;unknown;1656;16;11;4;0.69;0.25;0.2;5;16;597;1781;2.98;0.69;0.78
dut000206;dut000206;dutch;Lope de Vega  & Catharina Questiers ;Den geheymen minnaar;unknown;1655;13;10;2;0.77;0.15;0.15;5;5;581;2095;3.61;0.9;0.8
dut000205;dut000205;dutch;Catharina Questiers ;D’ondanckbare Fulvius en getrouwe Octavia;unknown;1665;13;9;4;0.69;0.31;0.41;5;5;533;1867;3.5;0.86;0.58
dut000223;dut000223;dutch;Theodoor Rodenburg ;Casandra;unknown;1617;18;13;3;0.72;0.17;0.31;4;7;1177;3495;2.97;0.73;0.67
dut000224;dut000224;dutch;Theodoor Rodenburg ;Rodomont en Isabella;unknown;1618;42;25;6;0.6;0.14;0.32;6;8;939;2958;3.15;0.42;0.62
dut000241;dut000241;dutch;Sint-Anna ;Edijnghe;unknown;1539;5;1;3;0.2;0.6;0.49;1;1;90;496;5.51;1.0;0.46
dut000251;dut000251;dutch;Sint-Jan-Baptist ;Thielt;unknown;1539;4;1;0;0.25;0.0;0.0;1;1;168;561;3.34;1.0;0.1
dut000235;dut000235;dutch;Sint-Ontcommere ;Axcele;unknown;1539;8;5;1;0.62;0.12;0.24;1;1;103;496;4.82;1.0;0.74
dut000208;dut000208;dutch;Catharina Verwers Dusart ;Spaensche heydin;unknown;1644;25;13;11;0.52;0.44;0.47;5;5;376;1586;4.22;0.51;0.47
dut000234;dut000234;dutch;De Violieren ;Antwerpen;unknown;1539;8;5;2;0.62;0.25;0.26;1;1;118;573;4.86;1.0;0.72
dut000030;dut000030;dutch;Joost Vondel ;Adam in Ballingschap;unknown;1664;10;9;1;0.9;0.1;0.16;5;16;233;1753;7.52;0.27;0.82
dut000028;dut000028;dutch;Joost Vondel ;Adonias;unknown;1661;13;10;3;0.77;0.23;0.34;5;21;344;1945;5.65;0.27;0.64
dut000007;dut000007;dutch;Joost Vondel ;De Amsteldamsche Hecvba;unknown;1626;12;8;4;0.67;0.33;0.67;5;8;145;1709;11.79;0.33;0.32
dut000029;dut000029;dutch;Joost Vondel ;Batavische Gebroeders;unknown;1663;8;5;3;0.62;0.38;0.32;5;19;391;1890;4.83;0.61;0.67
dut000024;dut000024;dutch;Joost Vondel ;Koning David In ballingschap;unknown;1660;14;10;3;0.71;0.21;0.28;5;22;399;1962;4.92;0.26;0.59
dut000012;dut000012;dutch;Sophocles  & Joost Vondel ;Elektra;unknown;1639;8;4;4;0.5;0.5;0.77;1;1;405;1670;4.12;0.75;0.21
dut000002;dut000002;dutch;Euripides  & Joost Vondel ;Euripides Feniciaensche;unknown;1668;12;9;3;0.75;0.25;0.46;1;1;433;1999;4.62;1.0;0.53
dut000003;dut000003;dutch;Joost Vondel ;Faeton;unknown;1663;9;4;3;0.44;0.33;0.27;5;14;316;1573;4.98;0.42;0.48
dut000014;dut000014;dutch;Joost Vondel ;Gebroeders;unknown;1640;10;8;2;0.8;0.2;0.25;5;17;381;1871;4.91;0.47;0.72
dut000001;dut000001;dutch;Joost Vondel ;Gysbreght van Aemstel;unknown;1637;23;14;5;0.61;0.22;0.14;5;14;248;2158;8.7;0.25;0.72
dut000004;dut000004;dutch;Sophocles  & Joost Vondel ;Sofokles Herkules in Trachin;unknown;1668;9;5;4;0.56;0.44;0.57;1;1;264;1302;4.93;1.0;0.42
dut000036;dut000036;dutch;Joost Vondel ;Het Pascha;unknown;1612;16;10;2;0.62;0.12;0.08;5;16;181;2353;13.0;0.25;0.53
dut000008;dut000008;dutch;Joost Vondel ;Hiervsalem verwoest;unknown;1620;15;10;4;0.67;0.27;0.37;5;8;206;2607;12.66;0.25;0.56
dut000010;dut000010;dutch;Joost Vondel ;Hippolytvs;unknown;1628;6;2;2;0.33;0.33;0.36;5;10;120;1661;13.84;0.73;0.32
dut000031;dut000031;dutch;Euripides  & Joost Vondel ;Ifigenie in Tauren;unknown;1666;8;5;3;0.62;0.38;0.58;1;1;396;1591;4.02;1.0;0.42
dut000011;dut000011;dutch;Hugo Grotius  & Joost Vondel ;Iosef;unknown;1635;12;11;1;0.92;0.08;0.27;5;8;141;1431;10.15;0.29;0.73
dut000023;dut000023;dutch;Joost Vondel ;Jeptha;unknown;1659;8;5;3;0.62;0.38;0.38;5;16;252;2070;8.21;0.54;0.6
dut000015;dut000015;dutch;Joost Vondel ;Joseph in Dothan;unknown;1640;7;6;0;0.86;0.0;0.0;5;20;515;1749;3.4;0.71;0.85
dut000016;dut000016;dutch;Joost Vondel ;Joseph In Egypten;unknown;1640;6;3;3;0.5;0.5;0.44;5;17;256;1524;5.95;0.67;0.53
dut000025;dut000025;dutch;Joost Vondel ;Koning David Herstelt;unknown;1660;11;9;1;0.82;0.09;0.08;5;18;290;1798;6.2;0.35;0.77
dut000026;dut000026;dutch;Sophocles  & Joost Vondel ;Koning Edipus;unknown;1660;9;7;1;0.78;0.11;0.08;1;1;448;1948;4.35;1.0;0.69
dut000021;dut000021;dutch;Joost Vondel ;Lucifer;unknown;1654;10;8;0;0.8;0.0;0.0;5;23;331;2239;6.76;0.47;0.74
dut000013;dut000013;dutch;Joost Vondel ;Maeghden;unknown;1639;10;7;2;0.7;0.2;0.13;5;18;288;1852;6.43;0.42;0.62
dut000018;dut000018;dutch;Joost Vondel ;Maria Stuart;unknown;1646;8;5;3;0.62;0.38;0.42;5;19;385;1889;4.91;0.54;0.58
dut000005;dut000005;dutch;Joost Vondel ;Noah;unknown;1667;13;10;2;0.77;0.15;0.13;5;16;261;1605;6.15;0.29;0.67
dut000009;dut000009;dutch;Joost Vondel ;Palamedes;unknown;1625;22;19;3;0.86;0.14;0.06;5;14;267;2558;9.58;0.22;0.89
dut000017;dut000017;dutch;Joost Vondel ;Peter en Pauwels;unknown;1641;14;10;3;0.71;0.21;0.38;5;20;288;1764;6.12;0.19;0.58
dut000022;dut000022;dutch;Joost Vondel ;Salmoneus;unknown;1657;8;6;1;0.75;0.12;0.13;5;21;407;2042;5.02;0.82;0.71
dut000020;dut000020;dutch;Joost Vondel ;Salomon;unknown;1648;12;9;2;0.75;0.17;0.15;5;18;366;1988;5.43;0.27;0.68
dut000027;dut000027;dutch;Joost van den Vondel ;Samson;unknown;1660;12;8;3;0.67;0.25;0.37;5;17;250;1731;6.92;0.21;0.61
dut000006;dut000006;dutch;Joost Vondel ;Zungchin;unknown;1667;11;8;3;0.73;0.27;0.11;5;19;314;1669;5.32;0.38;0.88
dut000233;dut000233;dutch;Nicolaas Simon Winter ;Menzikoff;unknown;1786;7;6;1;0.86;0.14;0.14;5;28;546;1775;3.25;0.71;0.86
dut000232;dut000232;dutch;Nicolaas Simon Winter ;Monzongo;unknown;1774;8;5;3;0.62;0.38;0.48;5;41;381;1733;4.55;0.75;0.52
